fabiola2071@considine.org,Amalia Leuschke,583-333-5971
casimer_gottlieb@marks.biz,Alex Brakus Sr.,(652) 962-0141
omari1941@smitham.net,Alice Bosco,2634564126
deangelo.gibson@mosciski.info,Melany Rice,213/817-9213
katarina_botsford@prohaska.com,Spencer Doyle,7767870137
rosamond2008@leuschke.biz,Jamarcus Kilback Jr.,553/933-1108
quincy.dubuque@lehner.name,Tillman Reilly,(346) 719-5226
emmie1919@schmidt.net,Dr. Earlene Bahringer II,344-998-1887
levi2098@cruickshank.info,Elyse Hauck,(281) 534-4999
edmond1971@kemmer.net,Tessie Farrell,878.548.9235
easter.jacobson@kohler.net,Dorcas Lind,(340) 431-9361
noemi.considine@gaylord.info,Hollie Kautzer,(441) 687-4830
jerome_crona@feil.org,Sage Gleason,(466) 875-4091
dusty.kassulke@hayes.org,Unique Crona III,278.957.8774
milo1961@stokes.com,Ewald Breitenberg,514/989-3390
davon2031@shields.org,Mac Brakus,444.981.2092
tyrese_bernier@pollich.net,Rosetta Collins,4645123936
coty_harber@douglas.name,Mason Toy Jr.,815/838-6843
yvette1939@macgyver.net,Carrie Fahey,7007976617
jaylan_schulist@morissette.org,Dahlia Weber,8432490499
berta.ratke@toy.biz,Freddie King,8752128613
dino2052@murray.org,Francesco Okuneva,958.287.8425
koby.kiehn@howe.info,Donny Mueller Sr.,6083098903
jaron1929@franecki.com,Fay Boyle,639/491-5668
saul.kassulke@schuster.info,Arlo Green,781/847-2786
isaac1971@labadie.info,Nathanael Harris,479/587-7877
kylee.eichmann@wolff.biz,Samantha Weimann,(715) 853-8988
vernice2054@reichel.com,Ms. Scot Hayes V,(347) 241-1782
juvenal_kunde@padberg.name,Mollie Mayer,265.736.6810
emerald2031@abshire.info,Magali Dicki I,(576) 657-0715
elfrieda_leffler@reynolds.biz,Eldred Emard,961.872.3253
nils1955@walker.org,Laurel Runolfsson,210.214.1443
princess2060@romaguera.name,Javon Cruickshank,664/733-2536
bertram1967@heidenreich.biz,Mrs. Eric Fay III,745.715.9763
avis_braun@moore.info,Dominic Becker,505/929-9943
brendon2097@jaskolski.net,Grover Gibson,263-814-4795
vergie2041@hodkiewicz.info,Eleanora Satterfield,635-799-2911
frederik.hilll@breitenberg.net,Roy Douglas,(253) 462-8271
eldred1959@kub.name,Preston Ward,214/908-3545
ellis2062@bergnaum.net,Ellen Jenkins,579.712.7012
carli2022@greenfelder.name,Wilfred O'Connell,3267469153
amani1952@douglas.net,Magnolia Kihn,647-208-1157
bernhard_collins@dibbert.net,Sallie Reynolds Sr.,(686) 651-1868
dewitt_kilback@huels.biz,Mr. Dedrick Leffler,4479266596
freeman.hudson@senger.name,Mortimer Labadie,418/259-5402
rylee.lockman@armstrong.net,Dixie Price II,775/991-8646
angelica1910@simonis.name,Letha Parisian,702/883-8082
isabell.schowalter@dare.name,Zechariah Littel,(484) 578-4854
perry_yundt@rosenbaum.name,Eli Kirlin,(209) 347-6793
donavon.schroeder@quitzon.name,Dion Bogisich I,(624) 664-9326
